[{"model": "sites.site", "pk": 1, "fields": {"domain": "pc-puzzle.herokuapp.com", "name": "Pc-Puzzle"}}, {"model": "contenttypes.contenttype", "pk": 1, "fields": {"app_label": "admin", "model": "logentry"}}, {"model": "contenttypes.contenttype", "pk": 2, "fields": {"app_label": "sites", "model": "site"}}, {"model": "contenttypes.contenttype", "pk": 3, "fields": {"app_label": "auth", "model": "permission"}}, {"model": "contenttypes.contenttype", "pk": 4, "fields": {"app_label": "auth", "model": "group"}}, {"model": "contenttypes.contenttype", "pk": 5, "fields": {"app_label": "auth", "model": "user"}}, {"model": "contenttypes.contenttype", "pk": 6, "fields": {"app_label": "contenttypes", "model": "contenttype"}}, {"model": "contenttypes.contenttype", "pk": 7, "fields": {"app_label": "sessions", "model": "session"}}, {"model": "contenttypes.contenttype", "pk": 8, "fields": {"app_label": "Tech_Parts", "model": "category"}}, {"model": "contenttypes.contenttype", "pk": 9, "fields": {"app_label": "Tech_Parts", "model": "customer"}}, {"model": "contenttypes.contenttype", "pk": 10, "fields": {"app_label": "Tech_Parts", "model": "gammes"}}, {"model": "contenttypes.contenttype", "pk": 11, "fields": {"app_label": "Tech_Parts", "model": "processor"}}, {"model": "contenttypes.contenttype", "pk": 12, "fields": {"app_label": "Tech_Parts", "model": "supplier"}}, {"model": "contenttypes.contenttype", "pk": 13, "fields": {"app_label": "Tech_Parts", "model": "type"}}, {"model": "contenttypes.contenttype", "pk": 14, "fields": {"app_label": "Tech_Parts", "model": "product"}}, {"model": "contenttypes.contenttype", "pk": 15, "fields": {"app_label": "Tech_Parts", "model": "order"}}, {"model": "contenttypes.contenttype", "pk": 16, "fields": {"app_label": "Tech_Parts", "model": "filters"}}, {"model": "contenttypes.contenttype", "pk": 17, "fields": {"app_label": "account", "model": "emailaddress"}}, {"model": "contenttypes.contenttype", "pk": 18, "fields": {"app_label": "account", "model": "emailconfirmation"}}, {"model": "contenttypes.contenttype", "pk": 19, "fields": {"app_label": "socialaccount", "model": "socialaccount"}}, {"model": "contenttypes.contenttype", "pk": 20, "fields": {"app_label": "socialaccount", "model": "socialapp"}}, {"model": "contenttypes.contenttype", "pk": 21, "fields": {"app_label": "socialaccount", "model": "socialtoken"}}, {"model": "sessions.session", "pk": "2zmvcw32eun53p9d8hyewgiau16m31w2", "fields": {"session_data": "MmQ1MTlkZjYwODdhYjQwYjBiYWQ5OWNmZGFkZTA1MTA2MzNhZWFjOTp7Il9hdXRoX3VzZXJfaWQiOiIxIiwiX2F1dGhfdXNlcl9iYWNrZW5kIjoiZGphbmdvLmNvbnRyaWIuYXV0aC5iYWNrZW5kcy5Nb2RlbEJhY2tlbmQiLCJfYXV0aF91c2VyX2hhc2giOiIzYTNiNzY5ZTBjMmFiZjY1MTE3ZjI4YTM1YTY4MTc3OTI5YjBiOTFmIn0=", "expire_date": "2021-06-28T23:46:03.268Z"}}, {"model": "sessions.session", "pk": "6iuag1tpu8vrnbmas0jp6pqvaop3ijd5", "fields": {"session_data": "Yjc0MTljYzJiYWQ2ZjgzMzhlOWYzNGU4YzQ2ZjA5OGJlZjg2NGY0MTp7ImFjY291bnRfdmVyaWZpZWRfZW1haWwiOm51bGwsImFjY291bnRfdXNlciI6IjcifQ==", "expire_date": "2021-06-28T08:36:11.053Z"}}, {"model": "sessions.session", "pk": "8fkrexsizti1vwqgmx2c42r53je4fgte", "fields": {"session_data": "NzNkYmExNTFjOTk2NDhiYTA3ZTdkOTQ2OThmZGQ3NGUzYzhkODNlNTp7Il9hdXRoX3VzZXJfaWQiOiI1IiwiX2F1dGhfdXNlcl9iYWNrZW5kIjoiYWxsYXV0aC5hY2NvdW50LmF1dGhfYmFja2VuZHMuQXV0aGVudGljYXRpb25CYWNrZW5kIiwiX2F1dGhfdXNlcl9oYXNoIjoiNmJkMGUyNDBkYzQ4YjcxODc2M2QzZjBkNDZlMGU5NGZhZmE4N2JkMSJ9", "expire_date": "2021-06-28T02:34:38.535Z"}}, {"model": "sessions.session", "pk": "8jmanw3puzax9dmlgo4ra2ozveguocxx", "fields": {"session_data": "MmQ1MTlkZjYwODdhYjQwYjBiYWQ5OWNmZGFkZTA1MTA2MzNhZWFjOTp7Il9hdXRoX3VzZXJfaWQiOiIxIiwiX2F1dGhfdXNlcl9iYWNrZW5kIjoiZGphbmdvLmNvbnRyaWIuYXV0aC5iYWNrZW5kcy5Nb2RlbEJhY2tlbmQiLCJfYXV0aF91c2VyX2hhc2giOiIzYTNiNzY5ZTBjMmFiZjY1MTE3ZjI4YTM1YTY4MTc3OTI5YjBiOTFmIn0=", "expire_date": "2021-07-01T23:05:00.595Z"}}, {"model": "sessions.session", "pk": "9hezvniycxxsi2zehn9mfryes3nv8chd", "fields": {"session_data": "YTg5NWU0OWVlNmVjNmQzYTgyMDA5NjE1NjAyNzBlNzUwZDFhNTE1Njp7InNvY2lhbGFjY291bnRfc3RhdGUiOlt7InByb2Nlc3MiOiJsb2dpbiIsInNjb3BlIjoiIiwiYXV0aF9wYXJhbXMiOiIifSwibWIwS2lqS2ttVnhKIl19", "expire_date": "2021-06-27T21:39:37.565Z"}}, {"model": "sessions.session", "pk": "h6n8wa56jd2pyhm1lpovb4cem9befhi2", "fields": {"session_data": "OTlmNDQ1NzhkNjcyMTJmYjM4OWNiYzM3YTZiMzJjY2MwNGI5ZmE3Mzp7ImFjY291bnRfdmVyaWZpZWRfZW1haWwiOm51bGx9", "expire_date": "2021-06-27T22:57:14.182Z"}}, {"model": "sessions.session", "pk": "krxvybk6pt24oy0dve00zl9e6y91x9w0", "fields": {"session_data": "MmQ1MTlkZjYwODdhYjQwYjBiYWQ5OWNmZGFkZTA1MTA2MzNhZWFjOTp7Il9hdXRoX3VzZXJfaWQiOiIxIiwiX2F1dGhfdXNlcl9iYWNrZW5kIjoiZGphbmdvLmNvbnRyaWIuYXV0aC5iYWNrZW5kcy5Nb2RlbEJhY2tlbmQiLCJfYXV0aF91c2VyX2hhc2giOiIzYTNiNzY5ZTBjMmFiZjY1MTE3ZjI4YTM1YTY4MTc3OTI5YjBiOTFmIn0=", "expire_date": "2021-06-30T10:52:16.238Z"}}, {"model": "sessions.session", "pk": "lw2exbee2gc6mydwc6awd0mk76fx3s2o", "fields": {"session_data": "Yzc0NTM5MmZlOGVkMTIyYzg3OGMwZjUyZGQxNzhmZjNmNmJmZTRhYzp7InNvY2lhbGFjY291bnRfc3RhdGUiOlt7Im5leHQiOiIvcHJvZmlsZS8iLCJwcm9jZXNzIjoibG9naW4iLCJzY29wZSI6IiIsImF1dGhfcGFyYW1zIjoiIn0sInM0YjFxMU1abmkyUSJdfQ==", "expire_date": "2021-06-28T17:07:35.003Z"}}, {"model": "sessions.session", "pk": "ryxepcni0wnzoqbdyejxsl0otw0tkygr", "fields": {"session_data": "YjNkYTZlZDdmZGM1YmExMGI1ZmMyYzY5Y2UxYTAzYjU5NGI5MTFhZDp7InNvY2lhbGFjY291bnRfc3RhdGUiOlt7InByb2Nlc3MiOiJsb2dpbiIsInNjb3BlIjoiIiwiYXV0aF9wYXJhbXMiOiIifSwiV2w4RjEyVlVabEU5Il19", "expire_date": "2021-06-27T22:14:30.465Z"}}, {"model": "sessions.session", "pk": "uch3be34sgsrjwd0mp37208g7guh1v1v", "fields": {"session_data": "MmQ1MTlkZjYwODdhYjQwYjBiYWQ5OWNmZGFkZTA1MTA2MzNhZWFjOTp7Il9hdXRoX3VzZXJfaWQiOiIxIiwiX2F1dGhfdXNlcl9iYWNrZW5kIjoiZGphbmdvLmNvbnRyaWIuYXV0aC5iYWNrZW5kcy5Nb2RlbEJhY2tlbmQiLCJfYXV0aF91c2VyX2hhc2giOiIzYTNiNzY5ZTBjMmFiZjY1MTE3ZjI4YTM1YTY4MTc3OTI5YjBiOTFmIn0=", "expire_date": "2021-07-01T20:24:43.683Z"}}, {"model": "sessions.session", "pk": "xjk34g0b8vy6vakp7w26rh0dpgwj7c03", "fields": {"session_data": "MjMxNTQzOTIzNDNhNjcxOTQ3OTYxMTQwZjMwYjE5MWJhZjY4YWQ1Mjp7Il9zZXNzaW9uX2V4cGlyeSI6MH0=", "expire_date": "2021-06-28T12:25:12.482Z"}}, {"model": "sessions.session", "pk": "z7a0aycz7dbu8tjjjnobq8bwetaz3jkr", "fields": {"session_data": "ZTBiN2U0YzI4MjYxZjhjMzM4ZGM3NjhhZWQ4MzQ0Mjg3N2RhZWM4Mjp7Il9hdXRoX3VzZXJfaWQiOiIxIiwiX2F1dGhfdXNlcl9iYWNrZW5kIjoiZGphbmdvLmNvbnRyaWIuYXV0aC5iYWNrZW5kcy5Nb2RlbEJhY2tlbmQiLCJfYXV0aF91c2VyX2hhc2giOiIzYTNiNzY5ZTBjMmFiZjY1MTE3ZjI4YTM1YTY4MTc3OTI5YjBiOTFmIiwiX3Nlc3Npb25fZXhwaXJ5IjowfQ==", "expire_date": "2021-06-28T11:53:00.483Z"}}, {"model": "Tech_Parts.type", "pk": 1, "fields": {"name": "Gammer", "li": "ri-gamepad-fill"}}, {"model": "Tech_Parts.type", "pk": 2, "fields": {"name": "Engineer", "li": "ri-compasses-2-line"}}, {"model": "Tech_Parts.type", "pk": 3, "fields": {"name": "Programmer", "li": "ri-code-box-line"}}, {"model": "Tech_Parts.type", "pk": 4, "fields": {"name": "Designer", "li": "ri-paint-brush-line"}}, {"model": "Tech_Parts.type", "pk": 5, "fields": {"name": "Normal", "li": "ri-database-2-line"}}, {"model": "Tech_Parts.category", "pk": 1, "fields": {"name": "High-End"}}, {"model": "Tech_Parts.category", "pk": 2, "fields": {"name": "Medium"}}, {"model": "Tech_Parts.category", "pk": 3, "fields": {"name": "Low-End"}}, {"model": "Tech_Parts.processor", "pk": 1, "fields": {"name": "Intel", "image": "data:image/png;base64,iVBORw0KGgoAAAANSUhEUgAAAOEAAADhCAMAAAAJbSJIAAAAkFBMVEX///8AAAAAaLX4+PiHh4fGxsZycnJ/f38pKSmkpKRjY2Pz8/O8vLzKysqxsbGjvNwAYLIAW7AAWK8AY7N4n87r8PcICAjs7OyNjY3R0dHd3d2bm5tPT0/W1ta/v7/j4+NBQUGrq6toaGgeHh5TU1MxMTHC0ucAT6wASaonJyeWlpZ4eHg8PDwVFRVkZGQSEhIJBOpcAAAEQ0lEQVR4nO3ba3uqRhSGYSkKHtndu20ARTEe2u4cmv//70pilDXMAiSxwJU+90eYGeZFDsOAgwEAAAAAAAAAAAAAAAAAAAAAAAAAAAAAAAAA/O/dB7lPN/ZN+PMGnbsF1xE+3dpfv158//0GvbuF2yb88cvFbySs4Dl3Z87os33qacIcCWuRsBkSXomEjZCwma+f8O/vFz++ZsI/pI830+OEN0LCRkjYCRI2QsKGrc1yrr3oUm4RJactJv58ZjcjE87dYmW5vU00/flWbOtN1m0klF3bnBb5YtHybcls6BiSeVUzFZ0LkkIRL/7PE8o474eXjPOW8MHu/H7xgYQrrdB403nCcKx1zHlsmnCuNpPZpt0mXJZ2rFFC91DWTmbSYcI0Le/XU4OEFc282nWXcH1lv2oSxtUBs2tXZwn3lf3KL6nVCSv308m0q4Q1rksYXtNU1M+Eq6sSVh8IZ/mdsZOEfjAazVfT0hBVCX1z6X44j9N0PY+OJW11kPA5vykXb9rnNTJhMAtPTqvM2810mW87NffL5ThtPaEny8/26rqKkfdWli8M0pbPcuV5INt2wsis4JpraxPKG8XYtbYv85+31HLCf4o1zEt/WpdQjGXutA7IMWE3Ce3dblxvNjUJ5Z1iaTVVKLDpImFkVzEGKJOahJN8+c5uqrA5r4uExXH/K7l+WJNQPBCWPO/KIWsHCdVTRx6mXk3CK/oqioTtJ/S0OpEosKtOKG+GD1EUDQt83x/ui1VbTbjS6tyLAtPqhBunkUn7CdVPkuTTek1CuTOuELWfUJ0ZbJBQnZop57efcKHVaZBQmcSq4pGwfwnFDf+LJiydQvwyCcUI7+U4rrPv8ZXmUSySk9izj/S1lwllM8ZLjRc9eaVeJpQDOWMGW7T/pLWl6WVCeWcfyrIjseLaH7GXCQOxaGwUlr1V3ygGx+JDdi8TLpyySvL4/ak09vrrF+anepnQnNaWz7ryauq8FB+ow9MT8kP/ExoHo+Mkq3m8XNrNZSepPCTDy9YTubifCbXXg2p4ZxqsX8/HWbwyZlLF797PhNoA9H3VSFmlyG8yesKw44TG6VbonK+sU1TO6j8e/MPBntlsMeFgV55wUPwCQ7W9FFcSbtfrOJztPxLxZgmVl4R5jaf6gOItsJ1wMgqdIAlS8/OIlhMqZ6KoUvsrykk9O2EySLeDiT/QbqjtJbTfIco6Na9djRkvLWHo7LPT8NhtQiuFUSl+cUol5nXSTrhzs9/wLjvaO044iM2PiwrVymY0jsWN2AlTz/UGwSayvja7gnx0HZWGLk94MFct5KFqVQyKL7YzO/vLNuVaOp+mbuopr4nqjSYXq/dB48JeZErzf7He209EyyDaJcdnLWFWdSUHP0dffaByV3kPzuOAMJr66tu5PgrjTbZvNrG69wAAAAAAAAAAAAAAAAAAAAAAAAAAAAAAAACgT/4FckJGk17NXvIAAAAASUVORK5CYII="}}, {"model": "Tech_Parts.processor", "pk": 2, "fields": {"name": "Amd", "image": "https://encrypted-tbn0.gstatic.com/images?q=tbn:ANd9GcSMrOak3GZyVVIqC1xxaMoXgI2x79o4X_z0wA&usqp=CAU"}}, {"model": "Tech_Parts.supplier", "pk": 1, "fields": {"name": "Krasco for computer and printer services", "image": "https://scontent.fcai1-2.fna.fbcdn.net/v/t1.6435-9/70236500_1311377989052462_7656621409552039936_n.png?_nc_cat=108&ccb=1-3&_nc_sid=09cbfe&_nc_ohc=arWJY9hnDX4AX-ltZlh&_nc_ht=scontent.fcai1-2.fna&oh=d8cdfb6abc3e21362971deeafa2cc667&oe=60D12721", "phone": "0122 506 93", "address": "\u0634\u0627\u0631\u0639 \u0639\u0628\u062f \u0627\u0644\u0631\u0627\u0632\u0642 \u0627\u0644\u0633\u0646\u0647\u0648\u0631\u0649\u060c \u0642\u0633\u0645 \u0627\u0648\u0644 \u0645\u062f\u064a\u0646\u0629 \u0646\u0635\u0631 \u0664", "location": "https://goo.gl/maps/zti5aDKLk9Mv7T7Q8"}}, {"model": "Tech_Parts.supplier", "pk": 2, "fields": {"name": "\u0627\u0644\u0645\u0624\u0633\u0633\u0629 \u0627\u0644\u0641\u0631\u0646\u0633\u064a\u0647", "image": "https://scontent.fcai1-2.fna.fbcdn.net/v/t1.6435-9/154249996_2835288836683788_5166506894904263778_n.png?_nc_cat=107&ccb=1-3&_nc_sid=09cbfe&_nc_ohc=U8YkPpTkutYAX-aUbq9&_nc_ht=scontent.fcai1-2.fna&oh=18aa2f69cf867b01d7377daca0c4300e&oe=60D00729", "phone": "0111 142 12", "address": "Makram Ebeed St.'s end Technology Mall beside El Serag Mall - 2nd floor Shop 221 \u060cNasr City, Cairo Governorate 11471", "location": "https://g.page/French-establishment?share"}}, {"model": "Tech_Parts.supplier", "pk": 3, "fields": {"name": "computer shop", "image": "https://www.computershopegypt.com/assets/images/others/logo-white.png", "phone": "02 2480219", "address": "\u0634 Omar Ibn El-Khattab, Masaken Al Mohandesin, Nasr City, Cairo Governorate", "location": ":https://goo.gl/maps/qDGW4vuQQ4DLF4B79"}}, {"model": "Tech_Parts.supplier", "pk": 4, "fields": {"name": "\u0627\u064a\u062c\u064a\u0628\u062a \u0644\u0627\u0628 \u062a\u0648\u0628", "image": "https://scontent.fcai1-2.fna.fbcdn.net/v/t1.6435-9/48374242_2239569742921242_666293678381203456_n.jpg?_nc_cat=107&ccb=1-3&_nc_sid=09cbfe&_nc_ohc=78gljAJob10AX_5-v5e&_nc_ht=scontent.fcai1-2.fna&oh=414b1f5178263116d06471c31c121a3d&oe=60D0D96E", "phone": "02 22872262", "address": "2B Egypt - Technology Mall, 3 \u0634 Atiya Al Sawalhi, Al Manteqah Ath Thamenah, Nasr City, Cairo Governorate", "location": "https://goo.gl/maps/vRERvodAcz4rSZ888"}}, {"model": "Tech_Parts.product", "pk": 1, "fields": {"name": "ram", "image": "https://play-lh.googleusercontent.com/AibwffxOzlyGj2poR5oFHJZfPP0_RgdGQ1ICJVpE4rAbU1VtjLX3St9pdburxFHTIOQ", "price": 55555, "category": 1, "processor": null, "type": 1, "details": "<p>details</p>", "code": "ram", "slug": "ram"}}, {"model": "Tech_Parts.product", "pk": 2, "fields": {"name": "ssd", "image": "https://play-lh.googleusercontent.com/AibwffxOzlyGj2poR5oFHJZfPP0_RgdGQ1ICJVpE4rAbU1VtjLX3St9pdburxFHTIOQ", "price": 6522, "category": 1, "processor": 1, "type": 1, "details": "<p>details</p>", "code": "ssd", "slug": "ssd"}}, {"model": "Tech_Parts.product", "pk": 3, "fields": {"name": "cpu", "image": "https://play-lh.googleusercontent.com/AibwffxOzlyGj2poR5oFHJZfPP0_RgdGQ1ICJVpE4rAbU1VtjLX3St9pdburxFHTIOQ", "price": 2500, "category": 1, "processor": 2, "type": 1, "details": "<p>details</p>", "code": "cpu", "slug": "cpu"}}, {"model": "Tech_Parts.product", "pk": 4, "fields": {"name": "gpu", "image": "https://play-lh.googleusercontent.com/AibwffxOzlyGj2poR5oFHJZfPP0_RgdGQ1ICJVpE4rAbU1VtjLX3St9pdburxFHTIOQ", "price": 3500, "category": 1, "processor": 1, "type": 1, "details": "<p>details</p>", "code": "gpu", "slug": "gpu"}}, {"model": "Tech_Parts.product", "pk": 5, "fields": {"name": "motherboard", "image": "https://play-lh.googleusercontent.com/AibwffxOzlyGj2poR5oFHJZfPP0_RgdGQ1ICJVpE4rAbU1VtjLX3St9pdburxFHTIOQ", "price": 36498, "category": 2, "processor": 1, "type": 1, "details": "<p>details</p>", "code": "motherboard", "slug": "motherboard"}}, {"model": "Tech_Parts.product", "pk": 6, "fields": {"name": "laptop", "image": "https://play-lh.googleusercontent.com/AibwffxOzlyGj2poR5oFHJZfPP0_RgdGQ1ICJVpE4rAbU1VtjLX3St9pdburxFHTIOQ", "price": 9600, "category": 1, "processor": 2, "type": 5, "details": "<p>details</p>", "code": "laptop", "slug": "laptop"}}, {"model": "Tech_Parts.filters", "pk": 1, "fields": {"type": 1, "processor": 2, "category": 1, "device": null, "customer": 1}}, {"model": "Tech_Parts.filters", "pk": 2, "fields": {"type": 1, "processor": 1, "category": 1, "device": "7ef9ac66-3de6-49fd-957d-1aff287bbb0b", "customer": null}}, {"model": "Tech_Parts.filters", "pk": 3, "fields": {"type": 1, "processor": 1, "category": 1, "device": "e5fa6fc8-3136-4307-8133-3977aae7a590", "customer": null}}, {"model": "Tech_Parts.filters", "pk": 5, "fields": {"type": 3, "processor": 2, "category": 2, "device": "01803b18-7251-4352-bd62-0b0f01e45a2d", "customer": null}}, {"model": "Tech_Parts.filters", "pk": 7, "fields": {"type": 1, "processor": 2, "category": 1, "device": "a5ac04a2-8ea7-4faf-ae40-373d9a8dde43", "customer": null}}, {"model": "Tech_Parts.filters", "pk": 8, "fields": {"type": 1, "processor": 2, "category": 1, "device": "086bd754-c092-4b8c-93af-75e69030e11e", "customer": null}}, {"model": "Tech_Parts.filters", "pk": 10, "fields": {"type": 4, "processor": null, "category": 1, "device": "5af2694c-cc28-4807-893b-64565577fd04", "customer": null}}, {"model": "Tech_Parts.filters", "pk": 11, "fields": {"type": 1, "processor": 2, "category": 1, "device": "01c8870b-fcb0-4b5d-b9b3-cdebd79314eb", "customer": null}}, {"model": "Tech_Parts.filters", "pk": 12, "fields": {"type": 5, "processor": null, "category": null, "device": "fd3d53d1-0097-49e4-ba8c-569f4bc58101", "customer": null}}, {"model": "Tech_Parts.filters", "pk": 14, "fields": {"type": 3, "processor": 1, "category": 1, "device": "ea699dfa-9940-4f50-b040-bbd393272031", "customer": null}}, {"model": "Tech_Parts.filters", "pk": 15, "fields": {"type": 1, "processor": null, "category": null, "device": "f8fbdc67-5bd6-41a1-80d0-64befe4c28c8", "customer": null}}, {"model": "Tech_Parts.filters", "pk": 16, "fields": {"type": 1, "processor": null, "category": 1, "device": "361a6d60-6cf3-4def-834e-2ea57c9481aa", "customer": null}}, {"model": "Tech_Parts.filters", "pk": 17, "fields": {"type": 5, "processor": null, "category": null, "device": "0f33bc92-45ce-475e-8e0b-ab1372455dc9", "customer": null}}, {"model": "Tech_Parts.filters", "pk": 18, "fields": {"type": 1, "processor": 1, "category": 2, "device": "a888a89f-5885-4b01-a895-e1f125ca2298", "customer": null}}, {"model": "Tech_Parts.gammes", "pk": 1, "fields": {"name": "FORTNITE", "gammer_high_end": 199, "gammer_medium": 400, "gammer_low_end": 1000, "engineer_high_end": 3000, "engineer_medium": 2000, "engineer_low_end": 1000, "programmer_high_end": 9000, "programmer_mediuum": 800, "programmer_low_end": 7000, "li": "icofont-game-pad"}}, {"model": "Tech_Parts.gammes", "pk": 2, "fields": {"name": "FIFA21", "gammer_high_end": 5000, "gammer_medium": 5000, "gammer_low_end": 4000, "engineer_high_end": 3000, "engineer_medium": 2000, "engineer_low_end": 1000, "programmer_high_end": 5000, "programmer_mediuum": 4000, "programmer_low_end": 2000, "li": "icofont-football-alt"}}, {"model": "Tech_Parts.gammes", "pk": 3, "fields": {"name": "FORZA HORIZEN 4", "gammer_high_end": 5000, "gammer_medium": 4000, "gammer_low_end": 3000, "engineer_high_end": 2000, "engineer_medium": 1000, "engineer_low_end": 500, "programmer_high_end": 6000, "programmer_mediuum": 5000, "programmer_low_end": 4000, "li": "icofont-racing-car"}}, {"model": "Tech_Parts.gammes", "pk": 4, "fields": {"name": "GTA V", "gammer_high_end": 8000, "gammer_medium": 7000, "gammer_low_end": 6000, "engineer_high_end": 5000, "engineer_medium": 4000, "engineer_low_end": 3000, "programmer_high_end": 2000, "programmer_mediuum": 1000, "programmer_low_end": 500, "li": "icofont-boy"}}, {"model": "Tech_Parts.order", "pk": 4, "fields": {"customer": 1, "code": "0.6736008615996602-2021", "ordered": true, "delivered": true, "device": null, "products": [5, 4, 3, 2, 1]}}, {"model": "Tech_Parts.order", "pk": 5, "fields": {"customer": null, "code": "0.9576105787873059-2021", "ordered": true, "delivered": false, "device": "e5fa6fc8-3136-4307-8133-3977aae7a590", "products": [1, 2, 5]}}, {"model": "Tech_Parts.order", "pk": 7, "fields": {"customer": null, "code": "0.9780687806374841-2021", "ordered": true, "delivered": false, "device": "01803b18-7251-4352-bd62-0b0f01e45a2d", "products": [6, 5, 4, 2, 1]}}, {"model": "Tech_Parts.order", "pk": 10, "fields": {"customer": null, "code": "0.8591951176061489-2021", "ordered": true, "delivered": false, "device": "a5ac04a2-8ea7-4faf-ae40-373d9a8dde43", "products": [1, 4, 5]}}, {"model": "Tech_Parts.order", "pk": 17, "fields": {"customer": 1, "code": "0.4962174845918521-2021", "ordered": true, "delivered": true, "device": null, "products": [6, 5, 4, 3, 2, 1]}}, {"model": "Tech_Parts.order", "pk": 18, "fields": {"customer": 1, "code": "0.7641012724612072-2021", "ordered": true, "delivered": true, "device": null, "products": [6, 5, 4, 3, 2, 1]}}, {"model": "Tech_Parts.order", "pk": 19, "fields": {"customer": 1, "code": "0.37342526784500285-2021", "ordered": true, "delivered": true, "device": null, "products": [6, 5, 4, 2, 1]}}, {"model": "Tech_Parts.order", "pk": 20, "fields": {"customer": 1, "code": "0.21362704196320592-2021", "ordered": true, "delivered": false, "device": null, "products": [5, 2, 3, 4]}}, {"model": "Tech_Parts.order", "pk": 21, "fields": {"customer": null, "code": "0.15886059423237087-2021", "ordered": true, "delivered": false, "device": "0f33bc92-45ce-475e-8e0b-ab1372455dc9", "products": [6]}}, {"model": "Tech_Parts.order", "pk": 22, "fields": {"customer": null, "code": "0.38289376348732573-2021", "ordered": true, "delivered": false, "device": "a888a89f-5885-4b01-a895-e1f125ca2298", "products": [1, 2]}}, {"model": "auth.permission", "pk": 1, "fields": {"name": "Can add log entry", "content_type": 1, "codename": "add_logentry"}}, {"model": "auth.permission", "pk": 2, "fields": {"name": "Can change log entry", "content_type": 1, "codename": "change_logentry"}}, {"model": "auth.permission", "pk": 3, "fields": {"name": "Can delete log entry", "content_type": 1, "codename": "delete_logentry"}}, {"model": "auth.permission", "pk": 4, "fields": {"name": "Can view log entry", "content_type": 1, "codename": "view_logentry"}}, {"model": "auth.permission", "pk": 5, "fields": {"name": "Can add site", "content_type": 2, "codename": "add_site"}}, {"model": "auth.permission", "pk": 6, "fields": {"name": "Can change site", "content_type": 2, "codename": "change_site"}}, {"model": "auth.permission", "pk": 7, "fields": {"name": "Can delete site", "content_type": 2, "codename": "delete_site"}}, {"model": "auth.permission", "pk": 8, "fields": {"name": "Can view site", "content_type": 2, "codename": "view_site"}}, {"model": "auth.permission", "pk": 9, "fields": {"name": "Can add permission", "content_type": 3, "codename": "add_permission"}}, {"model": "auth.permission", "pk": 10, "fields": {"name": "Can change permission", "content_type": 3, "codename": "change_permission"}}, {"model": "auth.permission", "pk": 11, "fields": {"name": "Can delete permission", "content_type": 3, "codename": "delete_permission"}}, {"model": "auth.permission", "pk": 12, "fields": {"name": "Can view permission", "content_type": 3, "codename": "view_permission"}}, {"model": "auth.permission", "pk": 13, "fields": {"name": "Can add group", "content_type": 4, "codename": "add_group"}}, {"model": "auth.permission", "pk": 14, "fields": {"name": "Can change group", "content_type": 4, "codename": "change_group"}}, {"model": "auth.permission", "pk": 15, "fields": {"name": "Can delete group", "content_type": 4, "codename": "delete_group"}}, {"model": "auth.permission", "pk": 16, "fields": {"name": "Can view group", "content_type": 4, "codename": "view_group"}}, {"model": "auth.permission", "pk": 17, "fields": {"name": "Can add user", "content_type": 5, "codename": "add_user"}}, {"model": "auth.permission", "pk": 18, "fields": {"name": "Can change user", "content_type": 5, "codename": "change_user"}}, {"model": "auth.permission", "pk": 19, "fields": {"name": "Can delete user", "content_type": 5, "codename": "delete_user"}}, {"model": "auth.permission", "pk": 20, "fields": {"name": "Can view user", "content_type": 5, "codename": "view_user"}}, {"model": "auth.permission", "pk": 21, "fields": {"name": "Can add content type", "content_type": 6, "codename": "add_contenttype"}}, {"model": "auth.permission", "pk": 22, "fields": {"name": "Can change content type", "content_type": 6, "codename": "change_contenttype"}}, {"model": "auth.permission", "pk": 23, "fields": {"name": "Can delete content type", "content_type": 6, "codename": "delete_contenttype"}}, {"model": "auth.permission", "pk": 24, "fields": {"name": "Can view content type", "content_type": 6, "codename": "view_contenttype"}}, {"model": "auth.permission", "pk": 25, "fields": {"name": "Can add session", "content_type": 7, "codename": "add_session"}}, {"model": "auth.permission", "pk": 26, "fields": {"name": "Can change session", "content_type": 7, "codename": "change_session"}}, {"model": "auth.permission", "pk": 27, "fields": {"name": "Can delete session", "content_type": 7, "codename": "delete_session"}}, {"model": "auth.permission", "pk": 28, "fields": {"name": "Can view session", "content_type": 7, "codename": "view_session"}}, {"model": "auth.permission", "pk": 29, "fields": {"name": "Can add category", "content_type": 8, "codename": "add_category"}}, {"model": "auth.permission", "pk": 30, "fields": {"name": "Can change category", "content_type": 8, "codename": "change_category"}}, {"model": "auth.permission", "pk": 31, "fields": {"name": "Can delete category", "content_type": 8, "codename": "delete_category"}}, {"model": "auth.permission", "pk": 32, "fields": {"name": "Can view category", "content_type": 8, "codename": "view_category"}}, {"model": "auth.permission", "pk": 33, "fields": {"name": "Can add customer", "content_type": 9, "codename": "add_customer"}}, {"model": "auth.permission", "pk": 34, "fields": {"name": "Can change customer", "content_type": 9, "codename": "change_customer"}}, {"model": "auth.permission", "pk": 35, "fields": {"name": "Can delete customer", "content_type": 9, "codename": "delete_customer"}}, {"model": "auth.permission", "pk": 36, "fields": {"name": "Can view customer", "content_type": 9, "codename": "view_customer"}}, {"model": "auth.permission", "pk": 37, "fields": {"name": "Can add gammes", "content_type": 10, "codename": "add_gammes"}}, {"model": "auth.permission", "pk": 38, "fields": {"name": "Can change gammes", "content_type": 10, "codename": "change_gammes"}}, {"model": "auth.permission", "pk": 39, "fields": {"name": "Can delete gammes", "content_type": 10, "codename": "delete_gammes"}}, {"model": "auth.permission", "pk": 40, "fields": {"name": "Can view gammes", "content_type": 10, "codename": "view_gammes"}}, {"model": "auth.permission", "pk": 41, "fields": {"name": "Can add processor", "content_type": 11, "codename": "add_processor"}}, {"model": "auth.permission", "pk": 42, "fields": {"name": "Can change processor", "content_type": 11, "codename": "change_processor"}}, {"model": "auth.permission", "pk": 43, "fields": {"name": "Can delete processor", "content_type": 11, "codename": "delete_processor"}}, {"model": "auth.permission", "pk": 44, "fields": {"name": "Can view processor", "content_type": 11, "codename": "view_processor"}}, {"model": "auth.permission", "pk": 45, "fields": {"name": "Can add supplier", "content_type": 12, "codename": "add_supplier"}}, {"model": "auth.permission", "pk": 46, "fields": {"name": "Can change supplier", "content_type": 12, "codename": "change_supplier"}}, {"model": "auth.permission", "pk": 47, "fields": {"name": "Can delete supplier", "content_type": 12, "codename": "delete_supplier"}}, {"model": "auth.permission", "pk": 48, "fields": {"name": "Can view supplier", "content_type": 12, "codename": "view_supplier"}}, {"model": "auth.permission", "pk": 49, "fields": {"name": "Can add type", "content_type": 13, "codename": "add_type"}}, {"model": "auth.permission", "pk": 50, "fields": {"name": "Can change type", "content_type": 13, "codename": "change_type"}}, {"model": "auth.permission", "pk": 51, "fields": {"name": "Can delete type", "content_type": 13, "codename": "delete_type"}}, {"model": "auth.permission", "pk": 52, "fields": {"name": "Can view type", "content_type": 13, "codename": "view_type"}}, {"model": "auth.permission", "pk": 53, "fields": {"name": "Can add product", "content_type": 14, "codename": "add_product"}}, {"model": "auth.permission", "pk": 54, "fields": {"name": "Can change product", "content_type": 14, "codename": "change_product"}}, {"model": "auth.permission", "pk": 55, "fields": {"name": "Can delete product", "content_type": 14, "codename": "delete_product"}}, {"model": "auth.permission", "pk": 56, "fields": {"name": "Can view product", "content_type": 14, "codename": "view_product"}}, {"model": "auth.permission", "pk": 57, "fields": {"name": "Can add order", "content_type": 15, "codename": "add_order"}}, {"model": "auth.permission", "pk": 58, "fields": {"name": "Can change order", "content_type": 15, "codename": "change_order"}}, {"model": "auth.permission", "pk": 59, "fields": {"name": "Can delete order", "content_type": 15, "codename": "delete_order"}}, {"model": "auth.permission", "pk": 60, "fields": {"name": "Can view order", "content_type": 15, "codename": "view_order"}}, {"model": "auth.permission", "pk": 61, "fields": {"name": "Can add filters", "content_type": 16, "codename": "add_filters"}}, {"model": "auth.permission", "pk": 62, "fields": {"name": "Can change filters", "content_type": 16, "codename": "change_filters"}}, {"model": "auth.permission", "pk": 63, "fields": {"name": "Can delete filters", "content_type": 16, "codename": "delete_filters"}}, {"model": "auth.permission", "pk": 64, "fields": {"name": "Can view filters", "content_type": 16, "codename": "view_filters"}}, {"model": "auth.permission", "pk": 65, "fields": {"name": "Can add email address", "content_type": 17, "codename": "add_emailaddress"}}, {"model": "auth.permission", "pk": 66, "fields": {"name": "Can change email address", "content_type": 17, "codename": "change_emailaddress"}}, {"model": "auth.permission", "pk": 67, "fields": {"name": "Can delete email address", "content_type": 17, "codename": "delete_emailaddress"}}, {"model": "auth.permission", "pk": 68, "fields": {"name": "Can view email address", "content_type": 17, "codename": "view_emailaddress"}}, {"model": "auth.permission", "pk": 69, "fields": {"name": "Can add email confirmation", "content_type": 18, "codename": "add_emailconfirmation"}}, {"model": "auth.permission", "pk": 70, "fields": {"name": "Can change email confirmation", "content_type": 18, "codename": "change_emailconfirmation"}}, {"model": "auth.permission", "pk": 71, "fields": {"name": "Can delete email confirmation", "content_type": 18, "codename": "delete_emailconfirmation"}}, {"model": "auth.permission", "pk": 72, "fields": {"name": "Can view email confirmation", "content_type": 18, "codename": "view_emailconfirmation"}}, {"model": "auth.permission", "pk": 73, "fields": {"name": "Can add social account", "content_type": 19, "codename": "add_socialaccount"}}, {"model": "auth.permission", "pk": 74, "fields": {"name": "Can change social account", "content_type": 19, "codename": "change_socialaccount"}}, {"model": "auth.permission", "pk": 75, "fields": {"name": "Can delete social account", "content_type": 19, "codename": "delete_socialaccount"}}, {"model": "auth.permission", "pk": 76, "fields": {"name": "Can view social account", "content_type": 19, "codename": "view_socialaccount"}}, {"model": "auth.permission", "pk": 77, "fields": {"name": "Can add social application", "content_type": 20, "codename": "add_socialapp"}}, {"model": "auth.permission", "pk": 78, "fields": {"name": "Can change social application", "content_type": 20, "codename": "change_socialapp"}}, {"model": "auth.permission", "pk": 79, "fields": {"name": "Can delete social application", "content_type": 20, "codename": "delete_socialapp"}}, {"model": "auth.permission", "pk": 80, "fields": {"name": "Can view social application", "content_type": 20, "codename": "view_socialapp"}}, {"model": "auth.permission", "pk": 81, "fields": {"name": "Can add social application token", "content_type": 21, "codename": "add_socialtoken"}}, {"model": "auth.permission", "pk": 82, "fields": {"name": "Can change social application token", "content_type": 21, "codename": "change_socialtoken"}}, {"model": "auth.permission", "pk": 83, "fields": {"name": "Can delete social application token", "content_type": 21, "codename": "delete_socialtoken"}}, {"model": "auth.permission", "pk": 84, "fields": {"name": "Can view social application token", "content_type": 21, "codename": "view_socialtoken"}}, {"model": "auth.user", "pk": 1, "fields": {"password": "pbkdf2_sha256$180000$kIgUN8YaL3xZ$N40nd+SxbyMyzg3rO5Gl2gLvvbXwhMQY+EUXvjRwlOs=", "last_login": "2021-06-17T23:05:00.590Z", "is_superuser": true, "username": "abdallah", "first_name": "", "last_name": "", "email": "abdallah.nasir@ymail.com", "is_staff": true, "is_active": true, "date_joined": "2021-06-13T20:08:44.317Z", "groups": [], "user_permissions": []}}, {"model": "Tech_Parts.customer", "pk": 1, "fields": {"device": null, "name": 1, "category": null, "email": "", "phone": ""}}, {"model": "account.emailaddress", "pk": 7, "fields": {"user": 1, "email": "abdallah.nasir@ymail.com", "verified": false, "primary": false}}, {"model": "admin.logentry", "pk": 1, "fields": {"action_time": "2021-06-13T22:34:38.356Z", "user": 1, "content_type": 2, "object_id": "1", "object_repr": "Pc-Puzzle", "action_flag": 2, "change_message": "[{\"changed\": {\"fields\": [\"Domain name\", \"Display name\"]}}]"}}, {"model": "admin.logentry", "pk": 2, "fields": {"action_time": "2021-06-13T22:36:39.820Z", "user": 1, "content_type": 2, "object_id": "1", "object_repr": "https://pc-puzzle.herokuapp.com/", "action_flag": 2, "change_message": "[{\"changed\": {\"fields\": [\"Domain name\", \"Display name\"]}}]"}}, {"model": "admin.logentry", "pk": 3, "fields": {"action_time": "2021-06-13T22:36:53.640Z", "user": 1, "content_type": 2, "object_id": "1", "object_repr": "pc-puzzle.herokuapp.com", "action_flag": 2, "change_message": "[{\"changed\": {\"fields\": [\"Domain name\"]}}]"}}, {"model": "admin.logentry", "pk": 4, "fields": {"action_time": "2021-06-13T22:58:17.672Z", "user": 1, "content_type": 17, "object_id": "2", "object_repr": "el_king2375@ymail.com", "action_flag": 2, "change_message": "[{\"changed\": {\"fields\": [\"Verified\", \"Primary\"]}}]"}}, {"model": "admin.logentry", "pk": 5, "fields": {"action_time": "2021-06-13T22:59:57.088Z", "user": 1, "content_type": 13, "object_id": "1", "object_repr": "Gammer", "action_flag": 1, "change_message": "[{\"added\": {}}]"}}, {"model": "admin.logentry", "pk": 6, "fields": {"action_time": "2021-06-13T23:00:10.017Z", "user": 1, "content_type": 13, "object_id": "2", "object_repr": "Engineer", "action_flag": 1, "change_message": "[{\"added\": {}}]"}}, {"model": "admin.logentry", "pk": 7, "fields": {"action_time": "2021-06-13T23:00:23.435Z", "user": 1, "content_type": 13, "object_id": "3", "object_repr": "Programmer", "action_flag": 1, "change_message": "[{\"added\": {}}]"}}, {"model": "admin.logentry", "pk": 8, "fields": {"action_time": "2021-06-13T23:00:37.104Z", "user": 1, "content_type": 13, "object_id": "4", "object_repr": "Designer", "action_flag": 1, "change_message": "[{\"added\": {}}]"}}, {"model": "admin.logentry", "pk": 9, "fields": {"action_time": "2021-06-13T23:00:45.883Z", "user": 1, "content_type": 13, "object_id": "5", "object_repr": "Normal", "action_flag": 1, "change_message": "[{\"added\": {}}]"}}, {"model": "admin.logentry", "pk": 10, "fields": {"action_time": "2021-06-13T23:01:03.187Z", "user": 1, "content_type": 8, "object_id": "1", "object_repr": "High-End", "action_flag": 1, "change_message": "[{\"added\": {}}]"}}, {"model": "admin.logentry", "pk": 11, "fields": {"action_time": "2021-06-13T23:01:09.467Z", "user": 1, "content_type": 8, "object_id": "2", "object_repr": "Medium", "action_flag": 1, "change_message": "[{\"added\": {}}]"}}, {"model": "admin.logentry", "pk": 12, "fields": {"action_time": "2021-06-13T23:01:16.098Z", "user": 1, "content_type": 8, "object_id": "3", "object_repr": "Low-End", "action_flag": 1, "change_message": "[{\"added\": {}}]"}}, {"model": "admin.logentry", "pk": 13, "fields": {"action_time": "2021-06-13T23:01:58.801Z", "user": 1, "content_type": 11, "object_id": "1", "object_repr": "Intel", "action_flag": 1, "change_message": "[{\"added\": {}}]"}}, {"model": "admin.logentry", "pk": 14, "fields": {"action_time": "2021-06-13T23:02:23.283Z", "user": 1, "content_type": 11, "object_id": "2", "object_repr": "Amd", "action_flag": 1, "change_message": "[{\"added\": {}}]"}}, {"model": "admin.logentry", "pk": 15, "fields": {"action_time": "2021-06-13T23:03:40.902Z", "user": 1, "content_type": 12, "object_id": "1", "object_repr": "Krasco for computer and printer services", "action_flag": 1, "change_message": "[{\"added\": {}}]"}}, {"model": "admin.logentry", "pk": 16, "fields": {"action_time": "2021-06-13T23:04:53.654Z", "user": 1, "content_type": 12, "object_id": "2", "object_repr": "\u0627\u0644\u0645\u0624\u0633\u0633\u0629 \u0627\u0644\u0641\u0631\u0646\u0633\u064a\u0647", "action_flag": 1, "change_message": "[{\"added\": {}}]"}}, {"model": "admin.logentry", "pk": 17, "fields": {"action_time": "2021-06-13T23:05:28.212Z", "user": 1, "content_type": 12, "object_id": "3", "object_repr": "computer shop", "action_flag": 1, "change_message": "[{\"added\": {}}]"}}, {"model": "admin.logentry", "pk": 18, "fields": {"action_time": "2021-06-13T23:06:05.131Z", "user": 1, "content_type": 12, "object_id": "4", "object_repr": "\u0627\u064a\u062c\u064a\u0628\u062a \u0644\u0627\u0628 \u062a\u0648\u0628", "action_flag": 1, "change_message": "[{\"added\": {}}]"}}, {"model": "admin.logentry", "pk": 19, "fields": {"action_time": "2021-06-13T23:06:56.484Z", "user": 1, "content_type": 14, "object_id": "1", "object_repr": "ram", "action_flag": 1, "change_message": "[{\"added\": {}}]"}}, {"model": "admin.logentry", "pk": 20, "fields": {"action_time": "2021-06-13T23:07:29.839Z", "user": 1, "content_type": 14, "object_id": "2", "object_repr": "ssd", "action_flag": 1, "change_message": "[{\"added\": {}}]"}}, {"model": "admin.logentry", "pk": 21, "fields": {"action_time": "2021-06-13T23:08:08.869Z", "user": 1, "content_type": 14, "object_id": "3", "object_repr": "cpu", "action_flag": 1, "change_message": "[{\"added\": {}}]"}}, {"model": "admin.logentry", "pk": 22, "fields": {"action_time": "2021-06-13T23:08:30.865Z", "user": 1, "content_type": 14, "object_id": "4", "object_repr": "gpu", "action_flag": 1, "change_message": "[{\"added\": {}}]"}}, {"model": "admin.logentry", "pk": 23, "fields": {"action_time": "2021-06-13T23:09:10.091Z", "user": 1, "content_type": 14, "object_id": "5", "object_repr": "motherboard", "action_flag": 1, "change_message": "[{\"added\": {}}]"}}, {"model": "admin.logentry", "pk": 24, "fields": {"action_time": "2021-06-13T23:10:15.344Z", "user": 1, "content_type": 14, "object_id": "6", "object_repr": "laptop", "action_flag": 1, "change_message": "[{\"added\": {}}]"}}, {"model": "admin.logentry", "pk": 25, "fields": {"action_time": "2021-06-13T23:10:56.117Z", "user": 1, "content_type": 10, "object_id": "1", "object_repr": "FORTNITE", "action_flag": 1, "change_message": "[{\"added\": {}}]"}}, {"model": "admin.logentry", "pk": 26, "fields": {"action_time": "2021-06-13T23:11:27.374Z", "user": 1, "content_type": 10, "object_id": "2", "object_repr": "FIFA21", "action_flag": 1, "change_message": "[{\"added\": {}}]"}}, {"model": "admin.logentry", "pk": 27, "fields": {"action_time": "2021-06-13T23:12:08.111Z", "user": 1, "content_type": 10, "object_id": "3", "object_repr": "FORZA HORIZEN 4", "action_flag": 1, "change_message": "[{\"added\": {}}]"}}, {"model": "admin.logentry", "pk": 28, "fields": {"action_time": "2021-06-13T23:12:29.911Z", "user": 1, "content_type": 10, "object_id": "4", "object_repr": "GTA V", "action_flag": 1, "change_message": "[{\"added\": {}}]"}}, {"model": "admin.logentry", "pk": 29, "fields": {"action_time": "2021-06-13T23:23:07.296Z", "user": 1, "content_type": 15, "object_id": "2", "object_repr": "2", "action_flag": 3, "change_message": ""}}, {"model": "admin.logentry", "pk": 30, "fields": {"action_time": "2021-06-13T23:32:29.990Z", "user": 1, "content_type": 15, "object_id": "3", "object_repr": "3", "action_flag": 3, "change_message": ""}}, {"model": "admin.logentry", "pk": 31, "fields": {"action_time": "2021-06-13T23:32:29.994Z", "user": 1, "content_type": 15, "object_id": "1", "object_repr": "1", "action_flag": 3, "change_message": ""}}, {"model": "admin.logentry", "pk": 32, "fields": {"action_time": "2021-06-13T23:35:45.945Z", "user": 1, "content_type": 14, "object_id": "6", "object_repr": "laptop", "action_flag": 2, "change_message": "[{\"changed\": {\"fields\": [\"Image\"]}}]"}}, {"model": "admin.logentry", "pk": 33, "fields": {"action_time": "2021-06-13T23:36:13.512Z", "user": 1, "content_type": 14, "object_id": "5", "object_repr": "motherboard", "action_flag": 2, "change_message": "[{\"changed\": {\"fields\": [\"Image\"]}}]"}}, {"model": "admin.logentry", "pk": 34, "fields": {"action_time": "2021-06-13T23:36:28.574Z", "user": 1, "content_type": 14, "object_id": "4", "object_repr": "gpu", "action_flag": 2, "change_message": "[{\"changed\": {\"fields\": [\"Image\"]}}]"}}, {"model": "admin.logentry", "pk": 35, "fields": {"action_time": "2021-06-13T23:36:45.647Z", "user": 1, "content_type": 14, "object_id": "3", "object_repr": "cpu", "action_flag": 2, "change_message": "[{\"changed\": {\"fields\": [\"Image\"]}}]"}}, {"model": "admin.logentry", "pk": 36, "fields": {"action_time": "2021-06-13T23:37:09.030Z", "user": 1, "content_type": 14, "object_id": "2", "object_repr": "ssd", "action_flag": 2, "change_message": "[{\"changed\": {\"fields\": [\"Image\"]}}]"}}, {"model": "admin.logentry", "pk": 37, "fields": {"action_time": "2021-06-13T23:37:26.469Z", "user": 1, "content_type": 14, "object_id": "1", "object_repr": "ram", "action_flag": 2, "change_message": "[{\"changed\": {\"fields\": [\"Image\"]}}]"}}, {"model": "admin.logentry", "pk": 38, "fields": {"action_time": "2021-06-13T23:38:11.055Z", "user": 1, "content_type": 11, "object_id": "2", "object_repr": "Amd", "action_flag": 2, "change_message": "[{\"changed\": {\"fields\": [\"Image\"]}}]"}}, {"model": "admin.logentry", "pk": 39, "fields": {"action_time": "2021-06-13T23:38:24.998Z", "user": 1, "content_type": 11, "object_id": "1", "object_repr": "Intel", "action_flag": 2, "change_message": "[{\"changed\": {\"fields\": [\"Image\"]}}]"}}, {"model": "admin.logentry", "pk": 40, "fields": {"action_time": "2021-06-14T12:24:37.041Z", "user": 1, "content_type": 17, "object_id": "7", "object_repr": "abdallah.nasir@ymail.com", "action_flag": 2, "change_message": "[{\"changed\": {\"fields\": [\"Verified\", \"Primary\"]}}]"}}, {"model": "admin.logentry", "pk": 41, "fields": {"action_time": "2021-06-14T12:29:41.060Z", "user": 1, "content_type": 11, "object_id": "2", "object_repr": "Amd", "action_flag": 2, "change_message": "[{\"changed\": {\"fields\": [\"Image\"]}}]"}}, {"model": "admin.logentry", "pk": 42, "fields": {"action_time": "2021-06-14T12:29:58.119Z", "user": 1, "content_type": 11, "object_id": "1", "object_repr": "Intel", "action_flag": 2, "change_message": "[{\"changed\": {\"fields\": [\"Image\"]}}]"}}, {"model": "admin.logentry", "pk": 43, "fields": {"action_time": "2021-06-14T12:30:31.486Z", "user": 1, "content_type": 12, "object_id": "4", "object_repr": "\u0627\u064a\u062c\u064a\u0628\u062a \u0644\u0627\u0628 \u062a\u0648\u0628", "action_flag": 2, "change_message": "[{\"changed\": {\"fields\": [\"Image\"]}}]"}}, {"model": "admin.logentry", "pk": 44, "fields": {"action_time": "2021-06-14T12:30:46.486Z", "user": 1, "content_type": 12, "object_id": "3", "object_repr": "computer shop", "action_flag": 2, "change_message": "[{\"changed\": {\"fields\": [\"Image\"]}}]"}}, {"model": "admin.logentry", "pk": 45, "fields": {"action_time": "2021-06-14T12:30:56.148Z", "user": 1, "content_type": 12, "object_id": "2", "object_repr": "\u0627\u0644\u0645\u0624\u0633\u0633\u0629 \u0627\u0644\u0641\u0631\u0646\u0633\u064a\u0647", "action_flag": 2, "change_message": "[{\"changed\": {\"fields\": [\"Image\"]}}]"}}, {"model": "admin.logentry", "pk": 46, "fields": {"action_time": "2021-06-14T12:31:32.686Z", "user": 1, "content_type": 12, "object_id": "1", "object_repr": "Krasco for computer and printer services", "action_flag": 2, "change_message": "[{\"changed\": {\"fields\": [\"Image\"]}}]"}}, {"model": "admin.logentry", "pk": 47, "fields": {"action_time": "2021-06-14T15:33:38.212Z", "user": 1, "content_type": 11, "object_id": "2", "object_repr": "Amd", "action_flag": 2, "change_message": "[{\"changed\": {\"fields\": [\"Image\"]}}]"}}, {"model": "admin.logentry", "pk": 48, "fields": {"action_time": "2021-06-14T15:33:56.726Z", "user": 1, "content_type": 11, "object_id": "1", "object_repr": "Intel", "action_flag": 2, "change_message": "[{\"changed\": {\"fields\": [\"Image\"]}}]"}}, {"model": "admin.logentry", "pk": 49, "fields": {"action_time": "2021-06-14T15:39:30.222Z", "user": 1, "content_type": 14, "object_id": "6", "object_repr": "laptop", "action_flag": 2, "change_message": "[{\"changed\": {\"fields\": [\"Image\"]}}]"}}, {"model": "admin.logentry", "pk": 50, "fields": {"action_time": "2021-06-14T15:40:01.393Z", "user": 1, "content_type": 14, "object_id": "5", "object_repr": "motherboard", "action_flag": 2, "change_message": "[{\"changed\": {\"fields\": [\"Image\"]}}]"}}, {"model": "admin.logentry", "pk": 51, "fields": {"action_time": "2021-06-14T15:40:34.383Z", "user": 1, "content_type": 14, "object_id": "4", "object_repr": "gpu", "action_flag": 2, "change_message": "[{\"changed\": {\"fields\": [\"Image\"]}}]"}}, {"model": "admin.logentry", "pk": 52, "fields": {"action_time": "2021-06-14T15:40:48.228Z", "user": 1, "content_type": 14, "object_id": "3", "object_repr": "cpu", "action_flag": 2, "change_message": "[{\"changed\": {\"fields\": [\"Image\"]}}]"}}, {"model": "admin.logentry", "pk": 53, "fields": {"action_time": "2021-06-14T15:41:14.355Z", "user": 1, "content_type": 14, "object_id": "2", "object_repr": "ssd", "action_flag": 2, "change_message": "[{\"changed\": {\"fields\": [\"Image\"]}}]"}}, {"model": "admin.logentry", "pk": 54, "fields": {"action_time": "2021-06-14T15:41:38.596Z", "user": 1, "content_type": 14, "object_id": "1", "object_repr": "ram", "action_flag": 2, "change_message": "[{\"changed\": {\"fields\": [\"Image\"]}}]"}}, {"model": "admin.logentry", "pk": 55, "fields": {"action_time": "2021-06-14T15:42:03.741Z", "user": 1, "content_type": 12, "object_id": "4", "object_repr": "\u0627\u064a\u062c\u064a\u0628\u062a \u0644\u0627\u0628 \u062a\u0648\u0628", "action_flag": 2, "change_message": "[{\"changed\": {\"fields\": [\"Image\"]}}]"}}, {"model": "admin.logentry", "pk": 56, "fields": {"action_time": "2021-06-14T15:42:11.658Z", "user": 1, "content_type": 12, "object_id": "3", "object_repr": "computer shop", "action_flag": 2, "change_message": "[{\"changed\": {\"fields\": [\"Image\"]}}]"}}, {"model": "admin.logentry", "pk": 57, "fields": {"action_time": "2021-06-14T15:42:19.495Z", "user": 1, "content_type": 12, "object_id": "3", "object_repr": "computer shop", "action_flag": 2, "change_message": "[{\"changed\": {\"fields\": [\"Image\"]}}]"}}, {"model": "admin.logentry", "pk": 58, "fields": {"action_time": "2021-06-14T15:42:30.235Z", "user": 1, "content_type": 12, "object_id": "2", "object_repr": "\u0627\u0644\u0645\u0624\u0633\u0633\u0629 \u0627\u0644\u0641\u0631\u0646\u0633\u064a\u0647", "action_flag": 2, "change_message": "[{\"changed\": {\"fields\": [\"Image\"]}}]"}}, {"model": "admin.logentry", "pk": 59, "fields": {"action_time": "2021-06-14T15:42:42.385Z", "user": 1, "content_type": 12, "object_id": "1", "object_repr": "Krasco for computer and printer services", "action_flag": 2, "change_message": "[{\"changed\": {\"fields\": [\"Image\"]}}]"}}, {"model": "admin.logentry", "pk": 60, "fields": {"action_time": "2021-06-14T15:58:22.026Z", "user": 1, "content_type": 11, "object_id": "2", "object_repr": "Amd", "action_flag": 2, "change_message": "[{\"changed\": {\"fields\": [\"Image\"]}}]"}}, {"model": "admin.logentry", "pk": 61, "fields": {"action_time": "2021-06-14T15:58:39.643Z", "user": 1, "content_type": 11, "object_id": "1", "object_repr": "Intel", "action_flag": 2, "change_message": "[{\"changed\": {\"fields\": [\"Image\"]}}]"}}, {"model": "admin.logentry", "pk": 62, "fields": {"action_time": "2021-06-14T15:59:05.746Z", "user": 1, "content_type": 12, "object_id": "4", "object_repr": "\u0627\u064a\u062c\u064a\u0628\u062a \u0644\u0627\u0628 \u062a\u0648\u0628", "action_flag": 2, "change_message": "[{\"changed\": {\"fields\": [\"Image\"]}}]"}}, {"model": "admin.logentry", "pk": 63, "fields": {"action_time": "2021-06-14T15:59:14.001Z", "user": 1, "content_type": 12, "object_id": "3", "object_repr": "computer shop", "action_flag": 2, "change_message": "[{\"changed\": {\"fields\": [\"Image\"]}}]"}}, {"model": "admin.logentry", "pk": 64, "fields": {"action_time": "2021-06-14T15:59:25.843Z", "user": 1, "content_type": 12, "object_id": "2", "object_repr": "\u0627\u0644\u0645\u0624\u0633\u0633\u0629 \u0627\u0644\u0641\u0631\u0646\u0633\u064a\u0647", "action_flag": 2, "change_message": "[{\"changed\": {\"fields\": [\"Image\"]}}]"}}, {"model": "admin.logentry", "pk": 65, "fields": {"action_time": "2021-06-14T15:59:41.040Z", "user": 1, "content_type": 12, "object_id": "1", "object_repr": "Krasco for computer and printer services", "action_flag": 2, "change_message": "[{\"changed\": {\"fields\": [\"Image\"]}}]"}}, {"model": "admin.logentry", "pk": 66, "fields": {"action_time": "2021-06-14T16:00:10.283Z", "user": 1, "content_type": 14, "object_id": "6", "object_repr": "laptop", "action_flag": 2, "change_message": "[{\"changed\": {\"fields\": [\"Image\"]}}]"}}, {"model": "admin.logentry", "pk": 67, "fields": {"action_time": "2021-06-14T16:00:35.497Z", "user": 1, "content_type": 14, "object_id": "5", "object_repr": "motherboard", "action_flag": 2, "change_message": "[{\"changed\": {\"fields\": [\"Image\"]}}]"}}, {"model": "admin.logentry", "pk": 68, "fields": {"action_time": "2021-06-14T16:01:09.079Z", "user": 1, "content_type": 14, "object_id": "4", "object_repr": "gpu", "action_flag": 2, "change_message": "[{\"changed\": {\"fields\": [\"Image\"]}}]"}}, {"model": "admin.logentry", "pk": 69, "fields": {"action_time": "2021-06-14T16:01:20.354Z", "user": 1, "content_type": 14, "object_id": "3", "object_repr": "cpu", "action_flag": 2, "change_message": "[{\"changed\": {\"fields\": [\"Image\"]}}]"}}, {"model": "admin.logentry", "pk": 70, "fields": {"action_time": "2021-06-14T16:01:42.862Z", "user": 1, "content_type": 14, "object_id": "2", "object_repr": "ssd", "action_flag": 2, "change_message": "[{\"changed\": {\"fields\": [\"Image\"]}}]"}}, {"model": "admin.logentry", "pk": 71, "fields": {"action_time": "2021-06-14T16:01:59.218Z", "user": 1, "content_type": 14, "object_id": "1", "object_repr": "ram", "action_flag": 2, "change_message": "[{\"changed\": {\"fields\": [\"Image\"]}}]"}}, {"model": "admin.logentry", "pk": 72, "fields": {"action_time": "2021-06-14T16:30:54.445Z", "user": 1, "content_type": 14, "object_id": "6", "object_repr": "laptop", "action_flag": 2, "change_message": "[{\"changed\": {\"fields\": [\"Image\"]}}]"}}, {"model": "admin.logentry", "pk": 73, "fields": {"action_time": "2021-06-14T16:31:41.733Z", "user": 1, "content_type": 14, "object_id": "5", "object_repr": "motherboard", "action_flag": 2, "change_message": "[{\"changed\": {\"fields\": [\"Image\"]}}]"}}, {"model": "admin.logentry", "pk": 74, "fields": {"action_time": "2021-06-14T16:32:01.062Z", "user": 1, "content_type": 14, "object_id": "4", "object_repr": "gpu", "action_flag": 2, "change_message": "[{\"changed\": {\"fields\": [\"Image\"]}}]"}}, {"model": "admin.logentry", "pk": 75, "fields": {"action_time": "2021-06-14T16:32:30.907Z", "user": 1, "content_type": 14, "object_id": "3", "object_repr": "cpu", "action_flag": 2, "change_message": "[{\"changed\": {\"fields\": [\"Image\"]}}]"}}, {"model": "admin.logentry", "pk": 76, "fields": {"action_time": "2021-06-14T16:33:03.552Z", "user": 1, "content_type": 14, "object_id": "2", "object_repr": "ssd", "action_flag": 2, "change_message": "[{\"changed\": {\"fields\": [\"Image\"]}}]"}}, {"model": "admin.logentry", "pk": 77, "fields": {"action_time": "2021-06-14T16:33:25.552Z", "user": 1, "content_type": 14, "object_id": "1", "object_repr": "ram", "action_flag": 2, "change_message": "[{\"changed\": {\"fields\": [\"Image\"]}}]"}}, {"model": "admin.logentry", "pk": 78, "fields": {"action_time": "2021-06-14T16:33:53.102Z", "user": 1, "content_type": 11, "object_id": "2", "object_repr": "Amd", "action_flag": 2, "change_message": "[{\"changed\": {\"fields\": [\"Image\"]}}]"}}, {"model": "admin.logentry", "pk": 79, "fields": {"action_time": "2021-06-14T16:34:06.518Z", "user": 1, "content_type": 11, "object_id": "1", "object_repr": "Intel", "action_flag": 2, "change_message": "[{\"changed\": {\"fields\": [\"Image\"]}}]"}}, {"model": "admin.logentry", "pk": 80, "fields": {"action_time": "2021-06-14T19:29:18.374Z", "user": 1, "content_type": 12, "object_id": "4", "object_repr": "\u0627\u064a\u062c\u064a\u0628\u062a \u0644\u0627\u0628 \u062a\u0648\u0628", "action_flag": 2, "change_message": "[{\"changed\": {\"fields\": [\"Image\"]}}]"}}, {"model": "admin.logentry", "pk": 81, "fields": {"action_time": "2021-06-14T19:29:43.104Z", "user": 1, "content_type": 12, "object_id": "3", "object_repr": "computer shop", "action_flag": 2, "change_message": "[{\"changed\": {\"fields\": [\"Image\"]}}]"}}, {"model": "admin.logentry", "pk": 82, "fields": {"action_time": "2021-06-14T19:30:03.835Z", "user": 1, "content_type": 12, "object_id": "2", "object_repr": "\u0627\u0644\u0645\u0624\u0633\u0633\u0629 \u0627\u0644\u0641\u0631\u0646\u0633\u064a\u0647", "action_flag": 2, "change_message": "[{\"changed\": {\"fields\": [\"Image\"]}}]"}}, {"model": "admin.logentry", "pk": 83, "fields": {"action_time": "2021-06-14T19:30:15.250Z", "user": 1, "content_type": 12, "object_id": "1", "object_repr": "Krasco for computer and printer services", "action_flag": 2, "change_message": "[{\"changed\": {\"fields\": [\"Image\"]}}]"}}, {"model": "admin.logentry", "pk": 84, "fields": {"action_time": "2021-06-14T23:47:52.169Z", "user": 1, "content_type": 19, "object_id": "6", "object_repr": "mayar", "action_flag": 2, "change_message": "[]"}}, {"model": "admin.logentry", "pk": 85, "fields": {"action_time": "2021-06-15T16:11:16.172Z", "user": 1, "content_type": 11, "object_id": "2", "object_repr": "Amd", "action_flag": 2, "change_message": "[{\"changed\": {\"fields\": [\"Image\"]}}]"}}, {"model": "admin.logentry", "pk": 86, "fields": {"action_time": "2021-06-15T16:11:35.236Z", "user": 1, "content_type": 11, "object_id": "1", "object_repr": "Intel", "action_flag": 2, "change_message": "[{\"changed\": {\"fields\": [\"Image\"]}}]"}}, {"model": "admin.logentry", "pk": 87, "fields": {"action_time": "2021-06-15T16:12:17.090Z", "user": 1, "content_type": 14, "object_id": "6", "object_repr": "laptop", "action_flag": 2, "change_message": "[{\"changed\": {\"fields\": [\"Image\"]}}]"}}, {"model": "admin.logentry", "pk": 88, "fields": {"action_time": "2021-06-15T16:12:44.698Z", "user": 1, "content_type": 14, "object_id": "5", "object_repr": "motherboard", "action_flag": 2, "change_message": "[{\"changed\": {\"fields\": [\"Image\"]}}]"}}, {"model": "admin.logentry", "pk": 89, "fields": {"action_time": "2021-06-15T16:13:05.716Z", "user": 1, "content_type": 14, "object_id": "4", "object_repr": "gpu", "action_flag": 2, "change_message": "[{\"changed\": {\"fields\": [\"Image\"]}}]"}}, {"model": "admin.logentry", "pk": 90, "fields": {"action_time": "2021-06-15T16:13:21.225Z", "user": 1, "content_type": 14, "object_id": "3", "object_repr": "cpu", "action_flag": 2, "change_message": "[{\"changed\": {\"fields\": [\"Image\"]}}]"}}, {"model": "admin.logentry", "pk": 91, "fields": {"action_time": "2021-06-15T16:13:44.901Z", "user": 1, "content_type": 14, "object_id": "2", "object_repr": "ssd", "action_flag": 2, "change_message": "[{\"changed\": {\"fields\": [\"Image\"]}}]"}}, {"model": "admin.logentry", "pk": 92, "fields": {"action_time": "2021-06-15T16:14:02.628Z", "user": 1, "content_type": 14, "object_id": "1", "object_repr": "ram", "action_flag": 2, "change_message": "[{\"changed\": {\"fields\": [\"Image\"]}}]"}}, {"model": "admin.logentry", "pk": 93, "fields": {"action_time": "2021-06-15T16:17:06.760Z", "user": 1, "content_type": 17, "object_id": "8", "object_repr": "pcpuzzle01@gmail.com", "action_flag": 3, "change_message": ""}}, {"model": "admin.logentry", "pk": 94, "fields": {"action_time": "2021-06-15T16:17:06.764Z", "user": 1, "content_type": 17, "object_id": "6", "object_repr": "mahmoudmayar1234@gmail.com", "action_flag": 3, "change_message": ""}}, {"model": "admin.logentry", "pk": 95, "fields": {"action_time": "2021-06-15T16:17:06.768Z", "user": 1, "content_type": 17, "object_id": "5", "object_repr": "msabodytom@gmail.com", "action_flag": 3, "change_message": ""}}, {"model": "admin.logentry", "pk": 96, "fields": {"action_time": "2021-06-15T16:17:06.771Z", "user": 1, "content_type": 17, "object_id": "4", "object_repr": "cojakseif@gmail.com", "action_flag": 3, "change_message": ""}}, {"model": "admin.logentry", "pk": 97, "fields": {"action_time": "2021-06-15T16:17:06.774Z", "user": 1, "content_type": 17, "object_id": "3", "object_repr": "abdullahnasser6@gmail.com", "action_flag": 3, "change_message": ""}}, {"model": "admin.logentry", "pk": 98, "fields": {"action_time": "2021-06-15T16:17:06.776Z", "user": 1, "content_type": 17, "object_id": "2", "object_repr": "el_king2375@ymail.com", "action_flag": 3, "change_message": ""}}, {"model": "admin.logentry", "pk": 99, "fields": {"action_time": "2021-06-15T16:17:06.779Z", "user": 1, "content_type": 17, "object_id": "1", "object_repr": "seifsfsa50@gmail.com", "action_flag": 3, "change_message": ""}}, {"model": "admin.logentry", "pk": 100, "fields": {"action_time": "2021-06-15T16:17:27.385Z", "user": 1, "content_type": 5, "object_id": "6", "object_repr": "abaza", "action_flag": 3, "change_message": ""}}, {"model": "admin.logentry", "pk": 101, "fields": {"action_time": "2021-06-15T16:17:27.390Z", "user": 1, "content_type": 5, "object_id": "3", "object_repr": "abdallah3", "action_flag": 3, "change_message": ""}}, {"model": "admin.logentry", "pk": 102, "fields": {"action_time": "2021-06-15T16:17:27.395Z", "user": 1, "content_type": 5, "object_id": "4", "object_repr": "abdullah", "action_flag": 3, "change_message": ""}}, {"model": "admin.logentry", "pk": 103, "fields": {"action_time": "2021-06-15T16:17:27.398Z", "user": 1, "content_type": 5, "object_id": "7", "object_repr": "mayar", "action_flag": 3, "change_message": ""}}, {"model": "admin.logentry", "pk": 104, "fields": {"action_time": "2021-06-15T16:17:27.407Z", "user": 1, "content_type": 5, "object_id": "8", "object_repr": "pc", "action_flag": 3, "change_message": ""}}, {"model": "admin.logentry", "pk": 105, "fields": {"action_time": "2021-06-15T16:17:27.412Z", "user": 1, "content_type": 5, "object_id": "2", "object_repr": "seif", "action_flag": 3, "change_message": ""}}, {"model": "admin.logentry", "pk": 106, "fields": {"action_time": "2021-06-15T16:17:27.416Z", "user": 1, "content_type": 5, "object_id": "5", "object_repr": "seif4", "action_flag": 3, "change_message": ""}}, {"model": "admin.logentry", "pk": 107, "fields": {"action_time": "2021-06-15T16:19:08.428Z", "user": 1, "content_type": 12, "object_id": "4", "object_repr": "\u0627\u064a\u062c\u064a\u0628\u062a \u0644\u0627\u0628 \u062a\u0648\u0628", "action_flag": 2, "change_message": "[{\"changed\": {\"fields\": [\"Image\"]}}]"}}, {"model": "admin.logentry", "pk": 108, "fields": {"action_time": "2021-06-15T16:19:16.891Z", "user": 1, "content_type": 12, "object_id": "3", "object_repr": "computer shop", "action_flag": 2, "change_message": "[{\"changed\": {\"fields\": [\"Image\"]}}]"}}, {"model": "admin.logentry", "pk": 109, "fields": {"action_time": "2021-06-15T16:19:27.383Z", "user": 1, "content_type": 12, "object_id": "2", "object_repr": "\u0627\u0644\u0645\u0624\u0633\u0633\u0629 \u0627\u0644\u0641\u0631\u0646\u0633\u064a\u0647", "action_flag": 2, "change_message": "[{\"changed\": {\"fields\": [\"Image\"]}}]"}}, {"model": "admin.logentry", "pk": 110, "fields": {"action_time": "2021-06-15T16:19:36.233Z", "user": 1, "content_type": 12, "object_id": "1", "object_repr": "Krasco for computer and printer services", "action_flag": 2, "change_message": "[{\"changed\": {\"fields\": [\"Image\"]}}]"}}, {"model": "admin.logentry", "pk": 111, "fields": {"action_time": "2021-06-17T20:31:38.161Z", "user": 1, "content_type": 15, "object_id": "20", "object_repr": "20", "action_flag": 2, "change_message": "[{\"changed\": {\"fields\": [\"Products\"]}}]"}}, {"model": "admin.logentry", "pk": 112, "fields": {"action_time": "2021-06-17T20:33:56.631Z", "user": 1, "content_type": 15, "object_id": "20", "object_repr": "20", "action_flag": 2, "change_message": "[{\"changed\": {\"fields\": [\"Products\"]}}]"}}, {"model": "admin.logentry", "pk": 113, "fields": {"action_time": "2021-06-17T20:38:26.846Z", "user": 1, "content_type": 15, "object_id": "20", "object_repr": "20", "action_flag": 2, "change_message": "[{\"changed\": {\"fields\": [\"Products\"]}}]"}}, {"model": "admin.logentry", "pk": 114, "fields": {"action_time": "2021-06-17T20:39:00.426Z", "user": 1, "content_type": 15, "object_id": "20", "object_repr": "20", "action_flag": 2, "change_message": "[{\"changed\": {\"fields\": [\"Products\"]}}]"}}, {"model": "admin.logentry", "pk": 115, "fields": {"action_time": "2021-06-17T23:06:42.806Z", "user": 1, "content_type": 14, "object_id": "6", "object_repr": "laptop", "action_flag": 2, "change_message": "[{\"changed\": {\"fields\": [\"Image\"]}}]"}}, {"model": "admin.logentry", "pk": 116, "fields": {"action_time": "2021-06-17T23:07:08.514Z", "user": 1, "content_type": 14, "object_id": "5", "object_repr": "motherboard", "action_flag": 2, "change_message": "[{\"changed\": {\"fields\": [\"Image\"]}}]"}}, {"model": "admin.logentry", "pk": 117, "fields": {"action_time": "2021-06-17T23:07:24.476Z", "user": 1, "content_type": 14, "object_id": "4", "object_repr": "gpu", "action_flag": 2, "change_message": "[{\"changed\": {\"fields\": [\"Image\"]}}]"}}, {"model": "admin.logentry", "pk": 118, "fields": {"action_time": "2021-06-17T23:07:37.982Z", "user": 1, "content_type": 14, "object_id": "3", "object_repr": "cpu", "action_flag": 2, "change_message": "[{\"changed\": {\"fields\": [\"Image\"]}}]"}}, {"model": "admin.logentry", "pk": 119, "fields": {"action_time": "2021-06-17T23:07:50.549Z", "user": 1, "content_type": 14, "object_id": "2", "object_repr": "ssd", "action_flag": 2, "change_message": "[{\"changed\": {\"fields\": [\"Image\"]}}]"}}, {"model": "admin.logentry", "pk": 120, "fields": {"action_time": "2021-06-17T23:08:02.358Z", "user": 1, "content_type": 14, "object_id": "1", "object_repr": "ram", "action_flag": 2, "change_message": "[{\"changed\": {\"fields\": [\"Image\"]}}]"}}, {"model": "admin.logentry", "pk": 121, "fields": {"action_time": "2021-06-17T23:09:21.267Z", "user": 1, "content_type": 11, "object_id": "2", "object_repr": "Amd", "action_flag": 2, "change_message": "[{\"changed\": {\"fields\": [\"Image\"]}}]"}}, {"model": "admin.logentry", "pk": 122, "fields": {"action_time": "2021-06-17T23:09:50.683Z", "user": 1, "content_type": 11, "object_id": "1", "object_repr": "Intel", "action_flag": 2, "change_message": "[{\"changed\": {\"fields\": [\"Image\"]}}]"}}, {"model": "admin.logentry", "pk": 123, "fields": {"action_time": "2021-06-17T23:11:04.505Z", "user": 1, "content_type": 12, "object_id": "1", "object_repr": "Krasco for computer and printer services", "action_flag": 2, "change_message": "[{\"changed\": {\"fields\": [\"Image\"]}}]"}}, {"model": "admin.logentry", "pk": 124, "fields": {"action_time": "2021-06-17T23:11:37.686Z", "user": 1, "content_type": 12, "object_id": "2", "object_repr": "\u0627\u0644\u0645\u0624\u0633\u0633\u0629 \u0627\u0644\u0641\u0631\u0646\u0633\u064a\u0647", "action_flag": 2, "change_message": "[{\"changed\": {\"fields\": [\"Image\"]}}]"}}, {"model": "admin.logentry", "pk": 125, "fields": {"action_time": "2021-06-17T23:12:42.568Z", "user": 1, "content_type": 12, "object_id": "3", "object_repr": "computer shop", "action_flag": 2, "change_message": "[{\"changed\": {\"fields\": [\"Image\"]}}]"}}, {"model": "admin.logentry", "pk": 126, "fields": {"action_time": "2021-06-17T23:13:47.905Z", "user": 1, "content_type": 12, "object_id": "4", "object_repr": "\u0627\u064a\u062c\u064a\u0628\u062a \u0644\u0627\u0628 \u062a\u0648\u0628", "action_flag": 2, "change_message": "[{\"changed\": {\"fields\": [\"Image\"]}}]"}}, {"model": "admin.logentry", "pk": 127, "fields": {"action_time": "2021-06-17T23:15:22.985Z", "user": 1, "content_type": 11, "object_id": "1", "object_repr": "Intel", "action_flag": 2, "change_message": "[{\"changed\": {\"fields\": [\"Image\"]}}]"}}, {"model": "admin.logentry", "pk": 128, "fields": {"action_time": "2021-06-17T23:17:26.768Z", "user": 1, "content_type": 12, "object_id": "4", "object_repr": "\u0627\u064a\u062c\u064a\u0628\u062a \u0644\u0627\u0628 \u062a\u0648\u0628", "action_flag": 2, "change_message": "[{\"changed\": {\"fields\": [\"Image\"]}}]"}}]